{"version": "v4-xfam", "model": "mistralai/Mistral-7B-Instruct-v0.3", "load_4bit": true, "seed": 0, "caveats": ["4-bit quantization", "single-seed cohorts", "compact refusal split (not a benchmark)", "keyword refusal proxy", "rung templates differ in register AND lexicon -> probe expected to saturate; headline is the cos PROFILE not the probe", "final layer excluded from selection"], "n_layers": 32, "has_chat_template": true, "cos_per_layer": [0.0, 0.3305, 0.2316, 0.1085, 0.0851, 0.1526, 0.151, 0.1282, 0.0801, 0.0922, 0.1159, 0.1554, 0.1715, 0.2, 0.2214, 0.204, 0.1791, 0.1815, 0.1876, 0.2464, 0.2895, 0.3354, 0.3477, 0.346, 0.3474, 0.3569, 0.3549, 0.3451, 0.3547, 0.3502, 0.3547, 0.3713, 0.3722], "headline_layer": 31, "cos_at_headline": 0.3713, "probe_acc_per_layer": [0.4789, 1.0, 1.0, 1.0, 1.0, 1.0, 1.0, 1.0, 1.0, 1.0, 1.0, 1.0, 1.0, 1.0, 1.0, 1.0, 1.0, 1.0, 1.0, 1.0, 1.0, 1.0, 1.0, 1.0, 1.0, 1.0, 1.0, 1.0, 1.0, 1.0, 1.0, 1.0, 0.9895], "probe_saturated": true, "F4_plain_slope": 3.1622, "F4_plain_p": 1.2224902538103406e-38, "F4_plain_rho": 1.0, "F5_grim_slope": 1.4177, "F5_grim_p": 9.859014960227031e-27, "F5_grim_rho": 0.9, "proj_plain_by_rung": [-3.6012, -2.1167, -0.7758, 5.6435, 8.3297], "proj_grim_by_rung": [1.2152, 0.9221, 2.9502, 4.8727, 6.3283], "F3_sentiment_leak_ratio": 0.5377, "F3_proj_len_corr": 0.833, "steer_block_idx": 30, "steer_typ_norm": 25.65, "steer_refusal_by_coeff": {"-1.0": 0.0, "-0.5": 0.0, "0.0": 0.071, "0.5": 0.0, "1.0": 0.0}, "steer_baseline": 0.071, "steer_delta_refusal": 0.0, "steer_floored": false, "verdict": {"headline_cos": 0.3713, "headline_layer": 31, "geometry": "ADJACENT", "F1_collapse": false, "F2_inert": true, "F3_just_sentiment": true, "F4_monotonic": true, "F5_transfers": true, "steer_baseline": 0.071, "steer_floored": false, "steer_delta": 0.0}, "v4_corpus": "length-matched (per-rung token means [26.0, 27.0, 25.0, 26.0, 28.0], spread +3.0)", "v4b_proj_len_corr": 0.151, "v4b_cos_at_headline": 0.1824, "v4b_ladder_rho": 1.0, "v4b_ladder_p": 8.339330982459814e-34, "v4b_ladder_by_rung": [-6.35, 0.26, 4.05, 4.8, 5.82], "v4b_transfer_grim_rho": 1.0, "v4b_transfer_by_rung": [-0.95, 1.35, 1.36, 2.22, 4.02], "v4b_cos_dperp_drefuse": -0.006, "v4b_cos_dperp_dlen": -0.0, "v4c_steer_length_refusal_orthog": {"-0.30": 0.071, "-0.20": 0.071, "-0.10": 0.071, "-0.05": 0.071, "+0.00": 0.071, "+0.05": 0.071, "+0.10": 0.071, "+0.20": 0.0, "+0.30": 0.071}, "v4c_steer_slope_orthog": 0.0, "v4c_steer_raw_lengthmatched": {"-0.30": 0.071, "-0.20": 0.071, "-0.10": 0.071, "-0.05": 0.071, "+0.00": 0.071, "+0.05": 0.071, "+0.10": 0.071, "+0.20": 0.071, "+0.30": 0.0}, "v4c_steer_slope_raw": 0.0, "v4_represented": false, "v4_operative": false, "v4_final_verdict": "NOT-represented (cos +0.18, ladder rho 1.00, transfer rho 1.00, proj~len +0.15) and CAUSALLY INERT (double-orth steer slope +0.00).", "_analyst_note": "The v4_represented=false flag is a THRESHOLD ARTIFACT (auto-rule required cos>=0.2; clean cos is +0.182, just under). The actual evidence is unambiguously REPRESENTED: ladder rho 1.00, transfer rho 1.00, cos +0.182 ADJACENT (>0.1, not collapsed), length-clean (proj~len +0.15). cos MAGNITUDE is a weak criterion; the graded ladder is the strong evidence. CAVEAT: baseline borderline-refusal 0.071 (low dynamic range) weakens the suppression-side of the steering test, but induction (raising refusal) is cleanly null. Honest verdict: 'Represented, Not Operative' REPLICATES on Mistral."}
