{
 "version": "v2",
 "model": "Qwen/Qwen2.5-7B-Instruct",
 "load_4bit": true,
 "seed": 0,
 "caveats": [
  "4-bit quantization",
  "single-seed cohorts",
  "compact refusal split (not a benchmark)",
  "keyword refusal proxy",
  "rung templates differ in register AND lexicon -> probe expected to saturate; headline is the cos PROFILE not the probe",
  "final layer excluded from selection"
 ],
 "n_layers": 28,
 "has_chat_template": true,
 "cos_per_layer": [0.0, -0.0085, 0.1247, 0.0731, 0.1204, 0.1477, 0.2025, 0.1794, 0.1765, 0.205, 0.2767, 0.2677, 0.3253, 0.2883, 0.2811, 0.271, 0.258, 0.2383, 0.2194, 0.1424, 0.2383, 0.2493, 0.1994, 0.2457, 0.3015, 0.331, 0.3387, 0.3385, 0.4408],
 "headline_layer": 26,
 "cos_at_headline": 0.3387,
 "probe_acc_per_layer": [0.4789, 1.0, 1.0, 1.0, 1.0, 1.0, 1.0, 1.0, 1.0, 1.0, 1.0, 1.0, 1.0, 1.0, 1.0, 1.0, 1.0, 1.0, 1.0, 1.0, 1.0, 1.0, 1.0, 1.0, 1.0, 1.0, 1.0, 1.0, 1.0],
 "probe_saturated": true,
 "F4_plain_slope": 36.054,
 "F4_plain_p": 3.837214421149667e-40,
 "F4_plain_rho": 1.0,
 "F5_grim_slope": 7.5066,
 "F5_grim_p": 3.0745830390540504e-13,
 "F5_grim_rho": 0.6,
 "proj_plain_by_rung": [-94.7629, -66.9551, -58.9611, 18.5734, 42.743],
 "proj_grim_by_rung": [-2.1648, -13.6682, 20.5929, 28.2661, 14.4009],
 "F3_sentiment_leak_ratio": 0.6185,
 "F3_proj_len_corr": 0.799,
 "steer_block_idx": 25,
 "steer_typ_norm": 313.816,
 "steer_refusal_by_coeff": {"-1.0": 0.0, "-0.5": 0.357, "0.0": 0.5, "0.5": 0.214, "1.0": 0.0},
 "steer_baseline": 0.5,
 "steer_delta_refusal": 0.0,
 "steer_floored": false,
 "v3a_length_proj_corr": 0.80,
 "v3a_partial_rung_residual_rho": 0.27,
 "v3a_partial_rung_residual_p": 8.2e-4,
 "v3a_partial_residual_by_rung": [-22.59, -5.39, 2.61, 27.11, -1.75],
 "v3a_delengthed_cos_at_headline": 0.128,
 "v3a_delengthed_ladder_rho": 0.40,
 "v3a_delengthed_by_rung": [-54.13, -31.23, -15.15, 17.67, -33.12],
 "v3b_steer_fine_coercion": {"-0.3": 0.29, "-0.2": 0.29, "-0.1": 0.43, "-0.05": 0.43, "0.0": 0.5, "0.05": 0.5, "0.1": 0.5, "0.2": 0.5, "0.3": 0.36},
 "v3b_steer_slope_coercion": 0.429,
 "v3b_steer_fine_orthog": {"-0.3": 0.57, "-0.2": 0.57, "-0.1": 0.57, "-0.05": 0.5, "0.0": 0.5, "0.05": 0.43, "0.1": 0.43, "0.2": 0.29, "0.3": 0.07},
 "v3b_steer_slope_orthog": -0.714,
 "v3b_cos_dperp_drefuse": -0.0,
 "v4_corpus": "length-matched (per-rung token means [50.9,50.9,49.9,48.9,52.9], spread +2.0)",
 "v4b_proj_len_corr": 0.16,
 "v4b_cos_at_headline": 0.461,
 "v4b_ladder_rho": 0.90,
 "v4b_ladder_p": 1.06e-27,
 "v4b_ladder_by_rung": [-68.66, -15.82, 39.04, 20.02, 75.59],
 "v4b_transfer_grim_rho": 0.90,
 "v4b_transfer_by_rung": [-28.49, 25.83, 49.19, 28.53, 50.9],
 "v4b_cos_dperp_drefuse": -0.08,
 "v4b_cos_dperp_dlen": -0.0,
 "v4c_steer_length_refusal_orthog": {"-0.3": 0.5, "-0.2": 0.5, "-0.1": 0.5, "-0.05": 0.5, "0.0": 0.5, "0.05": 0.5, "0.1": 0.5, "0.2": 0.43, "0.3": 0.43},
 "v4c_steer_slope_orthog": 0.0,
 "v4c_steer_raw_lengthmatched": {"-0.3": 0.14, "-0.2": 0.29, "-0.1": 0.36, "-0.05": 0.43, "0.0": 0.5, "0.05": 0.57, "0.1": 0.57, "0.2": 0.71, "0.3": 0.64},
 "v4c_steer_slope_raw": 1.143,
 "v4_final_verdict": "coercion REPRESENTED (cos 0.46, ladder rho 0.90, transfer rho 0.90, length-clean) but CAUSALLY INERT (length+refusal-orthogonalized steering slope 0.0). v3-A deflation = residualization artifact; v3-B -0.71 = length. Represented, not operative.",
 "verdict": {
  "headline_cos": 0.3387,
  "headline_layer": 26,
  "geometry": "ADJACENT",
  "F1_collapse": false,
  "F2_inert": true,
  "F3_just_sentiment": true,
  "F4_monotonic": true,
  "F5_transfers": true,
  "steer_baseline": 0.5,
  "steer_floored": false,
  "steer_delta": 0.0
 }
}
