{
  "model": "Qwen/Qwen2.5-3B",
  "tier": "3B-midscale",
  "quantized": false,
  "n_layers": 36,
  "layer_used": 7,
  "seed": 0,
  "n_voces": 76,
  "n_theonym": 17,
  "match_quality": {
    "dtok_mean": 0.0,
    "dsurp_mean": 0.7623719541650069
  },
  "report_layer": 7,
  "h1": {
    "latin": {
      "peak_acc": 0.8870833333333333,
      "peak_layer": 7,
      "mean_acc": 0.7903490990990989,
      "surp_only_acc": 0.50625
    },
    "greek": {
      "peak_acc": 0.9204166666666665,
      "peak_layer": 5,
      "mean_acc": 0.8289752252252253,
      "surp_only_acc": 0.5337500000000001
    }
  },
  "twoxtwo": {
    "latin": {
      "nb": 0.06896327523624196,
      "pa": 0.06768916926141512,
      "low_pa_mean": 0.06993856965279092,
      "n_low_pa": 49,
      "raw_split_p": 0.6268671045012943,
      "resid_split_p": 0.6180567723514614,
      "low_pa_vs0_p": 9.834491434367989e-14
    },
    "greek": {
      "nb": 0.08398463445551255,
      "pa": 0.09585819709098946,
      "low_pa_mean": 0.09966525131342363,
      "n_low_pa": 49,
      "raw_split_p": 0.22186444762598667,
      "resid_split_p": 0.861462942204978,
      "low_pa_vs0_p": 8.796546772587588e-24
    }
  },
  "sweep_low_pa_mean": {
    "latin": [
      0.06273456024272102,
      0.09009962969896745,
      0.07046613158011923,
      0.08341184927492726,
      0.08548745087214879,
      0.08459663208650083,
      0.0841019056281265,
      0.06993856965279092,
      0.05235658920541102,
      0.02312648235535135,
      -0.0035321475291738703,
      -0.02359475529923731,
      -0.010495718036379133,
      -0.004935942742289329,
      -0.008808842727116175,
      -0.0038593192489779727,
      -0.019498472311058824,
      -0.023337369062462632,
      -0.01462439249972908,
      -0.009116040200603252,
      -0.006795833305436738,
      -0.0054758434392968005,
      -0.002551025273848553,
      -0.003308262143816267,
      -0.0038627763183749454,
      0.0003577701899470115,
      0.0029650890097326164,
      0.004017052601794808,
      0.00935030713373301,
      0.009440814962192458,
      0.00876218202162762,
      0.015365045897814691,
      0.011600049174561793,
      0.01345416477748326,
      0.01178835241162047,
      0.013134300708770752,
      0.018984974647054866
    ],
    "greek": [
      0.07051629192975102,
      0.06630690730347925,
      0.0437162810442399,
      0.04883466448102679,
      0.07242292287398358,
      0.08968571132543135,
      0.10130233788976864,
      0.09966525131342363,
      0.1042888845716204,
      0.09653964334604692,
      0.09315298893013779,
      0.09093139001301356,
      0.08355150903974261,
      0.07853582075663976,
      0.0746244131302347,
      0.06988833753430114,
      0.053460651514481525,
      0.04702965823971495,
      0.056300859062039126,
      0.0499012117483178,
      0.04358146628554987,
      0.03700397452529596,
      0.03884950827579109,
      0.041503372241039664,
      0.033952176570892334,
      0.027505687304905484,
      0.030243418654616997,
      0.02670368004818352,
      0.023730600366787036,
      0.01494282848980962,
      0.012628229296937282,
      0.014081667880622708,
      0.013184867343124079,
      0.013149016973923663,
      0.013661186305844054,
      0.01553022983122845,
      0.010948409839552276
    ]
  },
  "nl_peak_layer": {
    "latin": 1,
    "greek": 8
  },
  "greek_split": {
    "authentic_deep": 0.02401897178487739,
    "translit_deep": 0.027054642456584937,
    "latin_deep": 0.008241352362510487,
    "algo_deep": 0.020594325142833384,
    "n_authentic": 13,
    "n_translit": 39,
    "authentic_sweep": [
      0.058691020195300765,
      0.05898885543529804,
      0.038457549535311185,
      0.044787232692425065,
      0.0712100496658912,
      0.08976501684922439,
      0.1056441252048199,
      0.10469003824087289,
      0.1113701187647306,
      0.10377040276160607,
      0.10330087404984695,
      0.10293150406617385,
      0.09666585463743943,
      0.09238720398682815,
      0.0850479740362901,
      0.07680563284800603,
      0.05960368193112887,
      0.05241737915919377,
      0.062238065096048206,
      0.052384679134075456,
      0.04408123859992394,
      0.03541910648345947,
      0.037316551575293906,
      0.038496906940753646,
      0.02948152101956881,
      0.020314587996556208,
      0.02389343885275034,
      0.01942044496536255,
      0.016107609638800986,
      0.00749660455263578,
      0.0069625652753389795,
      0.00885862112045288,
      0.011285126209259033,
      0.011283397674560547,
      0.01201925827906682,
      0.013339977997999925,
      0.0059607625007629395
    ],
    "translit_sweep": [
      0.07440990515244313,
      0.06875968132263575,
      0.0450972807713044,
      0.04986557135215172,
      0.07240376258507752,
      0.08852088298553075,
      0.09867440125881097,
      0.09684373629398835,
      0.10107291661776029,
      0.09307428506704477,
      0.0886883842639434,
      0.08637954791386922,
      0.07946756100043273,
      0.07406487831702599,
      0.0712928695556445,
      0.06757982724752182,
      0.05138434507907965,
      0.04497726605488704,
      0.053947169047135576,
      0.04859967873646663,
      0.04284310952211038,
      0.03684627398466452,
      0.038737151867304094,
      0.041769096484551065,
      0.03452953314169859,
      0.028687686492235232,
      0.031105550435873177,
      0.027654660053742237,
      0.024236665322230413,
      0.015690374068724804,
      0.012779859396127554,
      0.014209354535127297,
      0.012589512727199456,
      0.012669246930342454,
      0.013087080075190617,
      0.014941869637905022,
      0.009114334216484657
    ]
  },
  "version": "v5"
}