{
  "model": "google/gemma-2-9b",
  "tier": "4bit/gemma-2-9b",
  "quantized": true,
  "n_layers": 42,
  "layer_used": 4,
  "seed": 0,
  "n_voces": 76,
  "n_theonym": 17,
  "match_quality": {
    "dtok_mean": 0.11842105263157894,
    "dsurp_mean": 0.6610292698207655
  },
  "report_layer": 4,
  "h1": {
    "latin": {
      "peak_acc": 0.9737500000000001,
      "peak_layer": 4,
      "mean_acc": 0.9221705426356588,
      "surp_only_acc": 0.5204166666666665
    },
    "greek": {
      "peak_acc": 0.9533333333333334,
      "peak_layer": 3,
      "mean_acc": 0.909544573643411,
      "surp_only_acc": 0.5912499999999999
    }
  },
  "twoxtwo": {
    "latin": {
      "nb": 0.0654159030493568,
      "pa": 0.06494211241350335,
      "low_pa_mean": 0.0681571802314447,
      "n_low_pa": 49,
      "raw_split_p": 0.861462942204978,
      "resid_split_p": 0.7743430963685071,
      "low_pa_vs0_p": 1.0890934274948013e-16
    },
    "greek": {
      "nb": 0.05964391021167531,
      "pa": 0.06765158045089852,
      "low_pa_mean": 0.07016023506923598,
      "n_low_pa": 49,
      "raw_split_p": 0.5413368224920271,
      "resid_split_p": 0.6899779179991992,
      "low_pa_vs0_p": 5.0482331065377666e-20
    }
  },
  "sweep_low_pa_mean": {
    "latin": [
      0.03699175131564238,
      0.06083439837913124,
      0.07331589533358204,
      0.08027092960416055,
      0.0681571802314447,
      0.021725600471301953,
      -0.0195410245535325,
      -0.03699949262093524,
      -0.027694897384059673,
      -0.0189805201121739,
      -0.018780703447302993,
      -0.019034722629858523,
      -0.01582978088028577,
      -0.021459847080464264,
      -0.01915076314186563,
      -0.015014015898412588,
      -0.01642506098260685,
      -0.017348079048857396,
      -0.015919500467728595,
      -0.011366217720265291,
      -0.011981919103739212,
      -0.012474800859178816,
      -0.0057671714802177585,
      -0.0036379999043990156,
      0.0011306648351708237,
      -0.003453926164276746,
      -0.00290232531878413,
      0.001051508650487783,
      0.00032092235526260066,
      -0.0023104974201747347,
      0.0028189019281037,
      0.0012901060435236717,
      -0.0002742811125151965,
      0.0001342247943488919,
      -0.001282994844475571,
      -0.0007287653125062281,
      -0.0008634730261199328,
      0.0050677730112659684,
      0.007370443976655298,
      0.008119758294553173,
      0.01406904750940751,
      0.029749372783972293,
      0.08104192115822617
    ],
    "greek": [
      0.0548574583871024,
      0.05778427513278261,
      0.06367614317913445,
      0.06801008205024564,
      0.07016023506923598,
      0.05132338769581853,
      0.03687094547310654,
      0.019921913438913773,
      0.01323566266468593,
      0.010518476671102096,
      0.01000948463167463,
      0.004086603923719756,
      0.0024610903798317424,
      -0.0056406782597911605,
      -0.006019831920156674,
      -0.010132193565368652,
      -0.013545121465410506,
      -0.01802907184678681,
      -0.012941904213963722,
      -0.008932787544873297,
      -0.005900069158904406,
      -0.005745885323505013,
      -0.0024085507100942184,
      -0.002100983444525271,
      0.0008581791605268206,
      0.00040518994234046155,
      0.0027415326663425992,
      0.005632971014295306,
      0.006522672516959054,
      0.0068144688800889615,
      0.009205397294492138,
      0.007619524488643724,
      0.005790008574115987,
      0.007070951315821434,
      0.0047141252731790345,
      0.004445005436332858,
      0.005113421654214664,
      0.007501128984957325,
      0.010927393728373001,
      0.011554829928339744,
      0.018049381217178032,
      0.02451776363411728,
      0.02052725212914603
    ]
  },
  "nl_peak_layer": {
    "latin": 42,
    "greek": 4
  },
  "greek_split": {
    "authentic_deep": 0.008184117453915256,
    "translit_deep": 0.007860405392302221,
    "latin_deep": 0.009180078973303307,
    "algo_deep": 0.012284120896479468,
    "n_authentic": 13,
    "n_translit": 39,
    "authentic_sweep": [
      0.03816866416197557,
      0.040789636281820446,
      0.05219801114155696,
      0.06312398727123554,
      0.06937766533631545,
      0.052667127205775335,
      0.035256413313058704,
      0.015765084670140192,
      0.013413676848778358,
      0.012141754994025597,
      0.013307452201843262,
      0.0051209422258230355,
      0.00165557861328125,
      -0.009050360092749963,
      -0.007404102728917048,
      -0.012468814849853516,
      -0.01812163683084341,
      -0.026203838678506706,
      -0.017921131390791673,
      -0.012029436918405386,
      -0.00879735671556913,
      -0.00891417723435622,
      -0.004095233403719389,
      -0.0037212325976445125,
      -0.000647136798271766,
      -0.001105372722332294,
      0.00037952569814828725,
      0.004677515763502855,
      0.004940312642317552,
      0.005879539709824782,
      0.008773927505199727,
      0.009367750241206242,
      0.0077476959962111255,
      0.01041568242586576,
      0.0075067877769470215,
      0.006990643648000864,
      0.007866245049696702,
      0.011151322951683631,
      0.015126842718857985,
      0.016782215008368857,
      0.02453843905375554,
      0.031308261247781605,
      0.02508102930509127
    ],
    "translit_sweep": [
      0.056958519495450534,
      0.06043338164305075,
      0.06567465036343305,
      0.06819101174672444,
      0.06935625274976094,
      0.05049801102051368,
      0.03700636900388277,
      0.021208676008077767,
      0.014108622685456887,
      0.011119067668914795,
      0.010535082755944667,
      0.005184948444366455,
      0.00432429863856389,
      -0.0031263675445165388,
      -0.0035995795176579403,
      -0.00737529381727561,
      -0.009746027298462696,
      -0.013080688623281626,
      -0.00865469834743402,
      -0.005621969699859619,
      -0.002614326966114533,
      -0.0023453174493251704,
      0.00047199542705829325,
      0.0006547524378849909,
      0.003392187448648306,
      0.002936251652546418,
      0.005753673039949858,
      0.007761133022797413,
      0.008649682387327537,
      0.00882486043832241,
      0.010796109835306803,
      0.008513999290955372,
      0.006526297483688746,
      0.007354927368653126,
      0.004961056587023613,
      0.004610588917365441,
      0.005247241411453638,
      0.007433851559956868,
      0.01054552579537416,
      0.01084044193610167,
      0.01697276035944621,
      0.02333233295342861,
      0.01969456672668457
    ]
  },
  "voces_specificity": {
    "greek": {
      "vox_deep": 0.006807075360710412,
      "ctl_deep": 0.001547574775780729,
      "p": 0.2659000459593744,
      "n": 49
    },
    "latin": {
      "vox_deep": 0.0053849329753797885,
      "ctl_deep": -0.007605536693987024,
      "p": 0.032347447362162114,
      "n": 49
    }
  },
  "nonname_falsifier": {
    "voces_deep_gap": 0.0014221423175926743,
    "nonname_deep_gap": -0.00010925933549349958,
    "ratio": -0.07682728665190687
  },
  "version": "xfam-gemma-2-9b"
}