{
  "model": "mistralai/Mistral-7B-v0.3",
  "tier": "4bit/Mistral-7B-v0.3",
  "quantized": true,
  "n_layers": 32,
  "layer_used": 5,
  "seed": 0,
  "n_voces": 76,
  "n_theonym": 17,
  "match_quality": {
    "dtok_mean": 0.0,
    "dsurp_mean": 0.6192259192466736
  },
  "report_layer": 5,
  "h1": {
    "latin": {
      "peak_acc": 0.9600000000000002,
      "peak_layer": 5,
      "mean_acc": 0.9037247474747475,
      "surp_only_acc": 0.5787500000000001
    },
    "greek": {
      "peak_acc": 0.9275,
      "peak_layer": 19,
      "mean_acc": 0.8963383838383839,
      "surp_only_acc": 0.5391666666666667
    }
  },
  "twoxtwo": {
    "latin": {
      "nb": 0.03123429768225726,
      "pa": -0.0034876486002388646,
      "low_pa_mean": 0.0021063794895094267,
      "n_low_pa": 49,
      "raw_split_p": 0.03104681157916483,
      "resid_split_p": 0.5008719097723833,
      "low_pa_vs0_p": 0.7513402053463852
    },
    "greek": {
      "nb": 0.07090301373425652,
      "pa": 0.07287957203590263,
      "low_pa_mean": 0.07598618220309822,
      "n_low_pa": 49,
      "raw_split_p": 0.841916605174513,
      "resid_split_p": 0.8127824794673447,
      "low_pa_vs0_p": 7.022727677349567e-20
    }
  },
  "sweep_low_pa_mean": {
    "latin": [
      0.10041202756823325,
      0.07068008914285777,
      0.07066335179367844,
      0.0566064356541147,
      0.042963811329432895,
      0.0021063794895094267,
      -8.462156568254744e-05,
      -0.008076630076583552,
      -0.006211284472017872,
      -0.0055958081264885105,
      0.0011959951751086178,
      -0.008663470647772965,
      -0.005216288323305091,
      -0.004738818626014554,
      0.0006062315434825664,
      0.007565801240959946,
      0.00479884536898866,
      0.012154467251836037,
      0.018583227177055513,
      0.02839239032901063,
      0.026088425699545413,
      0.028223832042849794,
      0.019565374875555232,
      0.015565937270923537,
      0.008261918413395785,
      0.007963011459428437,
      0.007523483159590741,
      0.008044904592085858,
      0.010904083446580537,
      0.014682322132344149,
      0.02491169802996577,
      0.03647250301983892,
      0.04522714444569179
    ],
    "greek": [
      0.12322698563945536,
      0.07083394941018552,
      0.07413608322338182,
      0.07219383789568531,
      0.07936003135175121,
      0.07598618220309822,
      0.07424723007241074,
      0.07270334569775329,
      0.08278556624237372,
      0.08811739634494392,
      0.09833659079610085,
      0.09610327044311835,
      0.09930319323831675,
      0.10216497401801908,
      0.09869385982046322,
      0.10054174248053104,
      0.09865008081708636,
      0.10074710724305133,
      0.08034672177567774,
      0.08555536732381704,
      0.07519946292955049,
      0.06803128305746585,
      0.05905054661692405,
      0.056555235872463305,
      0.04835993659739592,
      0.04358221925034815,
      0.0445201469927418,
      0.045423768004592587,
      0.04518019544834993,
      0.04435724141646405,
      0.055954543911680886,
      0.0417412239678052,
      0.022503007431419527
    ]
  },
  "nl_peak_layer": {
    "latin": 0,
    "greek": 0
  },
  "greek_split": {
    "authentic_deep": 0.06930497814627257,
    "translit_deep": 0.0577876495020422,
    "latin_deep": 0.017758526233885984,
    "algo_deep": 0.06528736913905422,
    "n_authentic": 13,
    "n_translit": 39,
    "authentic_sweep": [
      0.10644274033032931,
      0.06580505462793204,
      0.07168737283119789,
      0.07082940981938289,
      0.0831396350493798,
      0.07997733354568481,
      0.08056581937349759,
      0.08120499207423283,
      0.09265322868640606,
      0.10114719317509578,
      0.11303189626106849,
      0.10505829866115864,
      0.10710925780809842,
      0.11003458499908447,
      0.10565141072640052,
      0.10306348708959726,
      0.10228199225205642,
      0.10605845084557167,
      0.0845917142354525,
      0.09652569660773644,
      0.08594981523660514,
      0.07991687609599187,
      0.06894898873109084,
      0.06681030071698703,
      0.058312796629392184,
      0.05313270825606126,
      0.05468264909890982,
      0.05641293984193068,
      0.05578935604829054,
      0.05497125478891226,
      0.07031492086557242,
      0.05255231948999258,
      0.030931848746079665
    ],
    "translit_sweep": [
      0.12838524732834253,
      0.07202202387345143,
      0.07364155543156159,
      0.07113385353332911,
      0.07673368545678946,
      0.07432300310868484,
      0.07234506729321602,
      0.0706293414800595,
      0.080421371337695,
      0.08528555356539212,
      0.09534073640138675,
      0.09466509788464277,
      0.09835709516818707,
      0.10112190399414454,
      0.09799848458705804,
      0.10133280662389901,
      0.09881729498887673,
      0.10028723264351869,
      0.07997085192264655,
      0.08351898193359375,
      0.07306608328452477,
      0.06532137057720086,
      0.056865999331841104,
      0.05418828206184583,
      0.04608014913705679,
      0.04132189047642243,
      0.042124062012403436,
      0.04315368028787466,
      0.042893593127910905,
      0.04232193567813971,
      0.05280780792236328,
      0.03946754107108483,
      0.020183285077412922
    ]
  },
  "voces_specificity": {
    "greek": {
      "vox_deep": 0.05975047859395681,
      "ctl_deep": 0.05206138890187422,
      "p": 0.2659000459593744,
      "n": 49
    },
    "latin": {
      "vox_deep": 0.01866844393053547,
      "ctl_deep": 0.007275107241764504,
      "p": 0.14649740649500226,
      "n": 49
    }
  },
  "version": "xfam-Mistral-7B-v0.3"
}