{
  "model": "mistralai/Mistral-7B-v0.3",
  "version": "falsifier-v3-separation_Mistral-7B-v0.3",
  "quantized": true,
  "n_layers": 32,
  "n_seeds": 5,
  "target_greek_tok": 11,
  "cohort_fragmentation": {
    "voces": {
      "mean": 10.729166666666666,
      "median": 11.0,
      "n": 48
    },
    "asemic_seed0": {
      "mean": 11.071428571428571,
      "median": 11.0,
      "n": 28
    },
    "lex_familiar": {
      "mean": 11.26086956521739,
      "median": 11.0,
      "n": 23
    },
    "lex_unfamiliar": {
      "mean": 10.869565217391305,
      "median": 11.0,
      "n": 23
    },
    "lowfrag": {
      "mean": 5.153846153846154,
      "median": 5.0,
      "n": 26
    }
  },
  "surprisal_split": {
    "median_nats": 3.1431914567947388,
    "familiar_mean": 2.4509427910265713,
    "unfamiliar_mean": 3.5450744836226753
  },
  "deep_gaps": {
    "voces": {
      "mean": 0.03426457941532135,
      "ci_lo": 0.021672183647751808,
      "ci_hi": 0.04601657763123512
    },
    "asemic_pooled": {
      "mean": 0.06697342544794083,
      "ci_lo": 0.05910169705748558,
      "ci_hi": 0.0748208612203598
    },
    "lex_familiar": {
      "mean": -8.408465873799287e-06,
      "ci_lo": -0.01164208259433508,
      "ci_hi": 0.011413216590881348
    },
    "lex_unfamiliar": {
      "mean": 0.015670346096158028,
      "ci_lo": -0.008392098359763622,
      "ci_hi": 0.03887388855218887
    },
    "lowfrag": {
      "mean": -8.927789167501032e-05,
      "ci_lo": -0.014284693636000156,
      "ci_hi": 0.01516359020024538
    }
  },
  "asemic_perseed_deepgap": [
    0.05253174528479576,
    0.07310378551483154,
    0.07422434538602829,
    0.06939063966274261,
    0.06561660021543503
  ],
  "absolute_greek_deep": {
    "voces": 0.05895814672112465,
    "lex_familiar": 0.1480979025363922,
    "lex_unfamiliar": 0.11224531382322311,
    "lowfrag": 0.0660303384065628
  },
  "factorial": {
    "FRAGMENTATION": {
      "a": "asemic",
      "b": "lowfrag",
      "diff": 0.06706270575523376,
      "ci_lo": 0.05035993084311485,
      "ci_hi": 0.0828339233994484,
      "significant": true
    },
    "FAMILIARITY": {
      "a": "lex_unfamiliar",
      "b": "lex_familiar",
      "diff": 0.015678754076361656,
      "ci_lo": -0.009776245802640915,
      "ci_hi": 0.04153052344918251,
      "significant": false
    },
    "MEANING": {
      "a": "asemic",
      "b": "lex_unfamiliar",
      "diff": 0.05130308121442795,
      "ci_lo": 0.02537848800420761,
      "ci_hi": 0.07602812349796295,
      "significant": true
    },
    "NAMEHOOD": {
      "a": "voces",
      "b": "asemic",
      "diff": -0.032708846032619476,
      "ci_lo": -0.046926356852054596,
      "ci_hi": -0.017989138141274452,
      "significant": true
    }
  },
  "layer_profile_greek_minus_latin": {
    "voces": [
      -0.014181282371282578,
      -0.01614558696746826,
      -0.014115721918642521,
      0.001140408217906952,
      0.013753734529018402,
      0.05010749772191048,
      0.049421001225709915,
      0.05707448720932007,
      0.07234955579042435,
      0.07593453675508499,
      0.0794544592499733,
      0.08763998746871948,
      0.09266505390405655,
      0.09548944234848022,
      0.08703207969665527,
      0.08024411648511887,
      0.07890965789556503,
      0.07585660368204117,
      0.051235053688287735,
      0.04642586037516594,
      0.04034721851348877,
      0.03235155716538429,
      0.03289839252829552,
      0.0364505872130394,
      0.03512158244848251,
      0.030867302790284157,
      0.030962878838181496,
      0.031403474509716034,
      0.029832547530531883,
      0.02660973370075226,
      0.027336781844496727,
      0.002029355615377426,
      -0.026140695437788963
    ],
    "lex_familiar": [
      -0.004729703534394503,
      -0.0148359015583992,
      -0.008749048225581646,
      -0.004794434178620577,
      -0.012403691187500954,
      -0.009317509829998016,
      -0.026116080582141876,
      -0.023361781612038612,
      -0.011133769527077675,
      -0.0032576373778283596,
      0.014271587133407593,
      0.03923379257321358,
      0.050413478165864944,
      0.052279140800237656,
      0.04688846692442894,
      0.04319562390446663,
      0.038086891174316406,
      0.030855007469654083,
      -0.011254745535552502,
      0.0006814002990722656,
      -0.0068639726378023624,
      -0.017393749207258224,
      -0.013631105422973633,
      -0.013224185444414616,
      0.00040541135240346193,
      0.0013313720701262355,
      0.00921356026083231,
      0.012305222451686859,
      0.013035370036959648,
      0.020682895556092262,
      0.029012801125645638,
      -0.023587841540575027,
      -0.06979727745056152
    ],
    "lex_unfamiliar": [
      -0.010802722536027431,
      -0.013075986877083778,
      -0.004674862138926983,
      0.005589349195361137,
      0.01078121643513441,
      0.03499302268028259,
      0.034592486917972565,
      0.04264475405216217,
      0.052679434418678284,
      0.06342310458421707,
      0.07360554486513138,
      0.09010248631238937,
      0.09776365011930466,
      0.10073336213827133,
      0.09135828167200089,
      0.08336538821458817,
      0.07859873026609421,
      0.07073740661144257,
      0.023025309666991234,
      0.025312213227152824,
      0.016688117757439613,
      0.00421577412635088,
      0.0060412026941776276,
      0.004251108039170504,
      0.009246611036360264,
      0.007514748722314835,
      0.012630604207515717,
      0.01686878874897957,
      0.01793600246310234,
      0.019450321793556213,
      0.02545231766998768,
      -0.01847202703356743,
      -0.05310138314962387
    ],
    "lowfrag": [
      0.028447570279240608,
      -0.013923199847340584,
      -0.03241606429219246,
      -0.029596645385026932,
      -0.0317700132727623,
      -0.011210648342967033,
      -0.01894751377403736,
      -0.01830195263028145,
      -0.006155990529805422,
      -0.0037529468536376953,
      0.005225255154073238,
      0.029423560947179794,
      0.037931397557258606,
      0.036720868200063705,
      0.02738303318619728,
      0.02358289249241352,
      0.020860066637396812,
      0.011513267643749714,
      -0.016802191734313965,
      -0.005983954295516014,
      -0.00831765029579401,
      -0.009358793497085571,
      -0.0027452330105006695,
      0.0039899167604744434,
      0.009471738710999489,
      0.00899577047675848,
      0.011075805872678757,
      0.01002698577940464,
      0.006278547924011946,
      0.007748912088572979,
      0.006049362476915121,
      -0.015122765675187111,
      -0.039197519421577454
    ]
  }
}