{
  "model": "google/gemma-2-9b",
  "version": "falsifier-v3-separation_gemma-2-9b",
  "n_layers": 42,
  "n_seeds": 5,
  "target_greek_tok": 8,
  "cohort_fragmentation": {
    "voces": {
      "mean": 7.666666666666667,
      "median": 7.5,
      "n": 48
    },
    "asemic_seed0": {
      "mean": 8.035714285714286,
      "median": 8.0,
      "n": 28
    },
    "lex_familiar": {
      "mean": 8.26086956521739,
      "median": 8.0,
      "n": 23
    },
    "lex_unfamiliar": {
      "mean": 7.583333333333333,
      "median": 8.0,
      "n": 24
    },
    "lowfrag": {
      "mean": 3.0384615384615383,
      "median": 3.0,
      "n": 26
    }
  },
  "surprisal_split": {
    "median_nats": 3.452242612838745,
    "familiar_mean": 2.426876187324524,
    "unfamiliar_mean": 4.043400794267654
  },
  "deep_gaps": {
    "voces": {
      "mean": 0.0036255090963095427,
      "ci_lo": -0.008004815317690372,
      "ci_hi": 0.015066910535097122
    },
    "asemic": {
      "mean": 0.02691526710987091,
      "ci_lo": 0.021636884659528732,
      "ci_hi": 0.032118190079927444
    },
    "lex_familiar": {
      "mean": 0.008845447562634945,
      "ci_lo": -0.0027295725885778666,
      "ci_hi": 0.019634250551462173
    },
    "lex_unfamiliar": {
      "mean": 0.007195680867880583,
      "ci_lo": -0.0021499241702258587,
      "ci_hi": 0.016737380996346474
    },
    "lowfrag": {
      "mean": 0.009115580469369888,
      "ci_lo": -0.0030013700015842915,
      "ci_hi": 0.020425837486982346
    }
  },
  "asemic_perseed_deepgap": [
    0.027676809579133987,
    0.027766939252614975,
    0.030513513833284378,
    0.02474718727171421,
    0.0238718893378973
  ],
  "absolute_greek_deep": {
    "voces": 0.010725553147494793,
    "lex_familiar": 0.07741411030292511,
    "lex_unfamiliar": 0.06406078487634659,
    "lowfrag": 0.03868351876735687
  },
  "factorial": {
    "FRAGMENTATION": {
      "a": "asemic",
      "b": "lowfrag",
      "diff": 0.017799686640501022,
      "ci_lo": 0.004801670555025339,
      "ci_hi": 0.030628381296992302,
      "significant": true
    },
    "FAMILIARITY": {
      "a": "lex_unfamiliar",
      "b": "lex_familiar",
      "diff": -0.001649766694754362,
      "ci_lo": -0.01635165326297283,
      "ci_hi": 0.012563328258693218,
      "significant": false
    },
    "MEANING": {
      "a": "asemic",
      "b": "lex_unfamiliar",
      "diff": 0.01971958577632904,
      "ci_lo": 0.0085804658010602,
      "ci_hi": 0.030968785285949707,
      "significant": true
    },
    "NAMEHOOD": {
      "a": "voces",
      "b": "asemic",
      "diff": -0.0232897587120533,
      "ci_lo": -0.035843901336193085,
      "ci_hi": -0.010634203441441059,
      "significant": true
    }
  },
  "layer_profile_greek_minus_latin": {
    "voces": [
      0.01466530840843916,
      -0.012677731923758984,
      -0.02040947787463665,
      -0.021340781822800636,
      -0.00565857021138072,
      0.029077360406517982,
      0.05532388016581535,
      0.060512613505125046,
      0.047124359756708145,
      0.03820955753326416,
      0.03957688435912132,
      0.0345444492995739,
      0.030225470662117004,
      0.024922484531998634,
      0.023304594680666924,
      0.014509250409901142,
      0.013559886254370213,
      0.010021704249083996,
      0.0147811658680439,
      0.012287602759897709,
      0.014867950230836868,
      0.01519141998142004,
      0.009474162943661213,
      0.005902533885091543,
      0.0019810262601822615,
      0.005333831999450922,
      0.007606117520481348,
      0.005815277341753244,
      0.007004773709923029,
      0.009403903968632221,
      0.006888695061206818,
      0.006097238510847092,
      0.006280537694692612,
      0.008938830345869064,
      0.007189954165369272,
      0.006226854864507914,
      0.006812068168073893,
      0.003491867333650589,
      0.004755909088999033,
      0.005828108638525009,
      0.008043590001761913,
      0.0013858949532732368,
      -0.05989139899611473
    ],
    "lex_familiar": [
      -0.010188433341681957,
      -0.025301700457930565,
      -0.02987722121179104,
      -0.03867040202021599,
      -0.021023739129304886,
      0.015485500916838646,
      0.03313986584544182,
      0.02611912600696087,
      0.020781302824616432,
      0.02126295492053032,
      0.026950690895318985,
      0.026824025437235832,
      0.03248137608170509,
      0.024472244083881378,
      0.024404102936387062,
      0.01401247177273035,
      0.016201641410589218,
      0.017613643780350685,
      0.023444201797246933,
      0.02367199957370758,
      0.012088840827345848,
      0.01772390305995941,
      0.010676194913685322,
      0.014888416044414043,
      0.012002167291939259,
      0.01127487700432539,
      0.017882049083709717,
      0.018397463485598564,
      0.017932867631316185,
      0.01711917482316494,
      0.015596968121826649,
      0.014260007068514824,
      0.01516962330788374,
      0.015354752540588379,
      0.017093762755393982,
      0.016381772235035896,
      0.015739399939775467,
      0.013207643292844296,
      0.011826196685433388,
      0.014526724815368652,
      0.017766520380973816,
      0.007820186205208302,
      -0.11804082244634628
    ],
    "lex_unfamiliar": [
      0.0038792688865214586,
      -0.018214687705039978,
      -0.025381669402122498,
      -0.034005098044872284,
      -0.024640941992402077,
      0.011427287943661213,
      0.033564601093530655,
      0.034235212951898575,
      0.030828597024083138,
      0.02763456292450428,
      0.030575493350625038,
      0.027907265350222588,
      0.03142162784934044,
      0.024055128917098045,
      0.02456730417907238,
      0.012401591055095196,
      0.015170305967330933,
      0.014946912415325642,
      0.019980957731604576,
      0.02157861739397049,
      0.01412453968077898,
      0.01802503876388073,
      0.011047805659472942,
      0.014598230831325054,
      0.011217433027923107,
      0.01153255533427,
      0.016871599480509758,
      0.01609613560140133,
      0.01748913712799549,
      0.015834396705031395,
      0.013463323004543781,
      0.014125339686870575,
      0.014981895685195923,
      0.012789870612323284,
      0.013306033797562122,
      0.01257681380957365,
      0.011603842489421368,
      0.008595243096351624,
      0.00894394051283598,
      0.010272500105202198,
      0.013398845680058002,
      0.003378537716343999,
      -0.1118435487151146
    ],
    "lowfrag": [
      0.0356450118124485,
      0.019703609868884087,
      0.008046106435358524,
      0.003382517723366618,
      0.011941611766815186,
      0.030507264658808708,
      0.038509368896484375,
      0.03326604142785072,
      0.022152062505483627,
      0.015256550163030624,
      0.026343056932091713,
      0.01676803268492222,
      0.023300813511013985,
      0.018222352489829063,
      0.0135647589340806,
      0.008387432433664799,
      0.005267668049782515,
      0.010852159932255745,
      0.018221361562609673,
      0.016687342897057533,
      0.02222011797130108,
      0.025318631902337074,
      0.018870539963245392,
      0.012776321731507778,
      0.010115738026797771,
      0.01411439385265112,
      0.014837224036455154,
      0.013827002607285976,
      0.013065402396023273,
      0.011434759013354778,
      0.010796272195875645,
      0.005158768035471439,
      0.005700061097741127,
      0.008482066914439201,
      0.0096414340659976,
      0.01021652016788721,
      0.01109073031693697,
      0.004567861557006836,
      0.006182647775858641,
      0.008520827628672123,
      0.009796591475605965,
      0.012300395406782627,
      -0.03627140074968338
    ]
  }
}